{"cameraMode":{"drawMode":0,"name":"Shaded","section":"Shading Mode"},"sceneLighting":false,"audioPlay":false,"sceneViewState":{"showFog":true,"showMaterialUpdate":false,"showSkybox":true,"showFlares":true,"showImageEffects":true,"showParticleSystems":true},"in2DMode":false,"pivot":{"x":0.0,"y":-0.000013828277587890625,"z":0.000002384185791015625},"rotation":{"x":0.2516593933105469,"y":-0.005807023961097002,"z":0.0015106464270502329,"w":0.9678006172180176},"size":26.037824630737306,"orthographic":false}