{"cameraMode":{"drawMode":0,"name":"Shaded","section":"Shading Mode"},"sceneLighting":false,"audioPlay":false,"sceneViewState":{"showFog":true,"showMaterialUpdate":false,"showSkybox":true,"showFlares":true,"showImageEffects":true,"showParticleSystems":true},"in2DMode":false,"pivot":{"x":4.76837158203125e-7,"y":-0.000006198883056640625,"z":-0.000001430511474609375},"rotation":{"x":0.19056609272956849,"y":-0.6195788979530335,"z":0.15853552520275117,"w":0.7447671890258789},"size":25.73259162902832,"orthographic":false}