{"cameraMode":{"drawMode":0,"name":"Shaded","section":"Shading Mode"},"sceneLighting":false,"audioPlay":false,"sceneViewState":{"showFog":true,"showMaterialUpdate":false,"showSkybox":true,"showFlares":true,"showImageEffects":true,"showParticleSystems":true},"in2DMode":false,"pivot":{"x":0.8186155557632446,"y":-0.8253526091575623,"z":-2.982179641723633},"rotation":{"x":-0.04789389669895172,"y":0.949385941028595,"z":-0.1795346885919571,"w":-0.25327301025390627},"size":17.408037185668947,"orthographic":false}