{"cameraMode":{"drawMode":0,"name":"Shaded","section":"Shading Mode"},"sceneLighting":true,"audioPlay":false,"sceneViewState":{"showFog":true,"showMaterialUpdate":false,"showSkybox":true,"showFlares":true,"showImageEffects":true,"showParticleSystems":true},"in2DMode":false,"pivot":{"x":0.33321890234947207,"y":0.08267275989055634,"z":-499.9574890136719},"rotation":{"x":0.022886715829372407,"y":0.6713840961456299,"z":-0.020750315859913827,"w":0.7404768466949463},"size":1.517614722251892,"orthographic":false}