{"cameraMode":{"drawMode":0,"name":"Shaded","section":"Shading Mode"},"sceneLighting":false,"audioPlay":false,"sceneViewState":{"showFog":true,"showMaterialUpdate":false,"showSkybox":true,"showFlares":true,"showImageEffects":true,"showParticleSystems":true},"in2DMode":false,"pivot":{"x":0.030002832412719728,"y":0.9999979734420776,"z":-394.2699890136719},"rotation":{"x":0.004603861831128597,"y":-0.9839916825294495,"z":0.17632298171520234,"w":0.02569475583732128},"size":13.302011489868164,"orthographic":false}