{"cameraMode":{"drawMode":0,"name":"Shaded","section":"Shading Mode"},"sceneLighting":false,"audioPlay":false,"sceneViewState":{"showFog":true,"showMaterialUpdate":false,"showSkybox":true,"showFlares":true,"showImageEffects":true,"showParticleSystems":true},"in2DMode":false,"pivot":{"x":0.0,"y":-0.0000057220458984375,"z":9.5367431640625e-7},"rotation":{"x":0.703507661819458,"y":0.0012895349645987154,"z":-0.0012701661325991154,"w":0.7107033133506775},"size":24.23322296142578,"orthographic":false}