{"cameraMode":{"drawMode":0,"name":"Shaded","section":"Shading Mode"},"sceneLighting":false,"audioPlay":false,"sceneViewState":{"showFog":true,"showMaterialUpdate":false,"showSkybox":true,"showFlares":true,"showImageEffects":true,"showParticleSystems":true},"in2DMode":false,"pivot":{"x":0.06083604693412781,"y":-0.8569912910461426,"z":1.4984607696533204},"rotation":{"x":0.18286831676959992,"y":0.0059003219939768318,"z":-0.0010743988677859307,"w":0.9831661581993103},"size":11.412796020507813,"orthographic":false}