{"cameraMode":{"drawMode":0,"name":"Shaded","section":"Shading Mode"},"sceneLighting":false,"audioPlay":false,"sceneViewState":{"showFog":true,"showMaterialUpdate":false,"showSkybox":true,"showFlares":true,"showImageEffects":true,"showParticleSystems":true},"in2DMode":false,"pivot":{"x":-2.9802322387695315e-8,"y":1.0,"z":-0.039046913385391238},"rotation":{"x":-0.24798531830310822,"y":-0.1652715653181076,"z":0.04293864592909813,"w":-0.9536495208740234},"size":1.6114383935928345,"orthographic":false}