{"cameraMode":{"drawMode":0,"name":"Shaded","section":"Shading Mode"},"sceneLighting":false,"audioPlay":false,"sceneViewState":{"showFog":true,"showMaterialUpdate":false,"showSkybox":true,"showFlares":true,"showImageEffects":true,"showParticleSystems":true},"in2DMode":false,"pivot":{"x":0.5960252285003662,"y":-1.1655977964401246,"z":-3.874055862426758},"rotation":{"x":-0.24798531830310822,"y":-0.1652715653181076,"z":0.04293864592909813,"w":-0.9536495208740234},"size":8.954511642456055,"orthographic":false}