{"cameraMode":{"drawMode":0,"name":"Shaded","section":"Shading Mode"},"sceneLighting":false,"audioPlay":false,"sceneViewState":{"showFog":true,"showMaterialUpdate":false,"showSkybox":true,"showFlares":true,"showImageEffects":true,"showParticleSystems":true},"in2DMode":false,"pivot":{"x":-4.76837158203125e-7,"y":-7.152557373046875e-7,"z":0.0},"rotation":{"x":0.3573201298713684,"y":-0.0028018527664244177,"z":0.0010731287766247988,"w":0.9339807629585266},"size":30.352441787719728,"orthographic":false}