{"cameraMode":{"drawMode":0,"name":"Shaded","section":"Shading Mode"},"sceneLighting":false,"audioPlay":false,"sceneViewState":{"showFog":true,"showMaterialUpdate":false,"showSkybox":true,"showFlares":true,"showImageEffects":true,"showParticleSystems":true},"in2DMode":false,"pivot":{"x":-12.16069221496582,"y":1.4888609647750855,"z":5.459615230560303},"rotation":{"x":0.05067035183310509,"y":0.6071361899375916,"z":-0.038859035819768909,"w":0.7920507788658142},"size":2.6485602855682375,"orthographic":false}