{"cameraMode":{"drawMode":0,"name":"Shaded","section":"Shading Mode"},"sceneLighting":false,"audioPlay":false,"sceneViewState":{"showFog":true,"showMaterialUpdate":false,"showSkybox":true,"showFlares":true,"showImageEffects":true,"showParticleSystems":true},"in2DMode":false,"pivot":{"x":-0.019999980926513673,"y":0.9999960660934448,"z":-397.5},"rotation":{"x":0.7165808081626892,"y":0.0031387251801788809,"z":-0.003224635263904929,"w":0.6974896192550659},"size":13.793900489807129,"orthographic":false}